INSERT INTO sch_store.tc_product (product_id,"name",description,unit_price) VALUES
(1,'Producto A','Producto A',3.0000),
(2,'Producto B','Producto B',2.0000),
(3,'Producto C','Producto C',5.0000);

INSERT INTO sch_store.tc_invoice_type (invoice_type_id,"name",description) VALUES
(1,'Compra','Factura de compra'),
(2,'Venta','Facura de venta');

INSERT INTO sch_store.td_invoice (invoice_id,"uuid",issuer_rfc,issuer_name,receiver_rfc,receiver_name,issued_at,invoice_type_id) VALUES
(17,'51419410-6b3a-4967-8c55-9536cfde0ca7'::uuid,'XAXX010101001','KlEEbot','XAXX010102001','Cliente 1','2024-12-20 00:00:00',2),
(18,'cbba3aba-0ddc-4492-9950-84c270cd1fe6'::uuid,'XAXX010101001','KLeEbot','XAXX010102003','Cliente 3','2024-02-27 00:00:00',2),
(20,'7dd57aac-dbdd-4bb3-aaec-cdfd7023cfa7'::uuid,'XAXX010101001','KLeEbot','XAXX010102002','Cliente 2','2025-06-13 00:00:00',2),
(3,'fb935931-5eac-467e-bcf7-f2c97e49ed9f'::uuid,'XAXX010103001','Proveedor 1','XaXX010101001','KleEbot','2022-02-01 00:00:00',1),
(1,'4153f86f-4caf-4cd9-9de6-55aea3b63f14'::uuid,'XAXx010101001','KleEbot','XAXX010102001','ClientE 1','2022-01-01 00:00:00',2),
(4,'25432fd0-5431-403a-b8a1-28e9da8a205b'::uuid,'XaXX010101001','KleEbot','XAXX010102010','Cliente 10','2025-10-15 00:00:00',2),
(6,'642758c3-efc7-40f2-9a36-cba3efbd30d8'::uuid,'XAXX010101001','KEEBOT','XAXX010102006','Cliente 6','2024-08-17 00:00:00',2),
(7,'ff86801a-8c8e-475a-9170-807c00dfce30'::uuid,'XaXX010101001','KlEEbot','XAXX010102009','Cliente 9','2024-03-07 00:00:00',2),
(16,'4c415748-cc47-4c88-b225-a3d899eab857'::uuid,'XAXx010101001','KLeEbot','XAXX010102007','Cliente 7','2025-03-11 00:00:00',2),
(19,'d1c402cb-0f54-4e50-8978-37fa4d034a3d'::uuid,'XaXX010101001','KlEEbot','XAXX010102002','Cliente 2','2024-06-01 00:00:00',2),
(5,'ba910deb-e3e1-4396-81e0-6dabf36cdee8'::uuid,'XaXX010103001','Proveedor 1','XAxX010101001','KleebOt','2024-08-04 00:00:00',1),
(8,'fc8d5cbc-e204-4f96-baeb-d5762a2a1783'::uuid,'XAXx010103003','Proveedor 3','XAXx010101001','KleEbot','2025-08-02 00:00:00',1),
(9,'623b3685-d4f7-44f9-bf96-9ebeba0f8450'::uuid,'XAXX010103001','Proveedor 1','xAXX010101001','KLeEbot','2024-06-13 00:00:00',1),
(10,'bb95f39e-44d2-4a12-8a8f-33738e326e57'::uuid,'xAXX010103003','Proveedor 3','XaXX010101001','KleEboT','2024-09-02 00:00:00',1),
(11,'fca60365-5134-4ea7-a282-5d5cf194baa7'::uuid,'XaXX010103004','Proveedor 4','xAXX010101001','KLeEbot','2025-10-08 00:00:00',1),
(14,'9df43437-b448-402d-af20-4fc21a578c5f'::uuid,'XAXX010103001','Proveedor 1','XAXX010101001','KleEBOt','2024-08-11 00:00:00',1),
(15,'c750fceb-7d3b-4e06-97e8-31b9a816a27e'::uuid,'XAXX010103002','Proveedor 2','XAXx010101001','KlEEbot','2024-10-12 00:00:00',1),
(2,'99c14caf-fc1b-4b4b-bc5e-8a09b83ba7f5'::uuid,'XAXX010101001','KleEBOt','XAXX010102002','Cliente 2','2022-01-01 00:00:00',2),
(12,'09ab81dc-2bf6-43f4-b76a-5f049f16031f'::uuid,'XAXX010101001','KleEboT','XAXX010102007','Cliente 7','2025-02-20 00:00:00',2),
(13,'c5409fe8-04f2-4bb9-aa19-1e83f02039e4'::uuid,'XAXX010101001','KLeEbot','XAXX010102003','Cliente 3','2025-12-17 00:00:00',2);

INSERT INTO sch_store.td_invoice_concept (invoice_concept_id,"uuid",product_id,description,quantity) VALUES
(1,'51419410-6b3a-4967-8c55-9536cfde0ca7'::uuid,1,'Compra de Producto A',10.0000),
(2,'cbba3aba-0ddc-4492-9950-84c270cd1fe6'::uuid,2,'Compra de Producto B',5.0000),
(3,'7dd57aac-dbdd-4bb3-aaec-cdfd7023cfa7'::uuid,3,'Compra de Producto C',7.0000),
(4,'fb935931-5eac-467e-bcf7-f2c97e49ed9f'::uuid,1,'Venta de Producto A',3.0000),
(5,'4153f86f-4caf-4cd9-9de6-55aea3b63f14'::uuid,2,'Venta de Producto B',6.0000),
(6,'25432fd0-5431-403a-b8a1-28e9da8a205b'::uuid,3,'Venta de Producto C',2.0000),
(7,'642758c3-efc7-40f2-9a36-cba3efbd30d8'::uuid,1,'Compra de Producto A',9.0000),
(8,'ff86801a-8c8e-475a-9170-807c00dfce30'::uuid,2,'Compra de Producto B',4.0000),
(9,'4c415748-cc47-4c88-b225-a3d899eab857'::uuid,3,'Compra de Producto C',8.0000),
(10,'d1c402cb-0f54-4e50-8978-37fa4d034a3d'::uuid,1,'Venta de Producto A',5.0000),
(11,'ba910deb-e3e1-4396-81e0-6dabf36cdee8'::uuid,2,'Venta de Producto B',7.0000),
(12,'fc8d5cbc-e204-4f96-baeb-d5762a2a1783'::uuid,3,'Venta de Producto C',1.0000),
(13,'623b3685-d4f7-44f9-bf96-9ebeba0f8450'::uuid,1,'Compra de Producto A',6.0000),
(14,'bb95f39e-44d2-4a12-8a8f-33738e326e57'::uuid,2,'Compra de Producto B',3.0000),
(15,'fca60365-5134-4ea7-a282-5d5cf194baa7'::uuid,3,'Compra de Producto C',2.5000),
(16,'9df43437-b448-402d-af20-4fc21a578c5f'::uuid,1,'Venta de Producto A',4.0000),
(17,'c750fceb-7d3b-4e06-97e8-31b9a816a27e'::uuid,2,'Venta de Producto B',9.0000),
(18,'99c14caf-fc1b-4b4b-bc5e-8a09b83ba7f5'::uuid,3,'Venta de Producto C',7.5000),
(19,'09ab81dc-2bf6-43f4-b76a-5f049f16031f'::uuid,1,'Compra de Producto A',2.0000),
(20,'c5409fe8-04f2-4bb9-aa19-1e83f02039e4'::uuid,2,'Compra de Producto B',6.5000),
(21,'51419410-6b3a-4967-8c55-9536cfde0ca7'::uuid,3,'Compra de Producto C',5.0000),
(22,'cbba3aba-0ddc-4492-9950-84c270cd1fe6'::uuid,1,'Venta de Producto A',3.5000),
(23,'7dd57aac-dbdd-4bb3-aaec-cdfd7023cfa7'::uuid,2,'Venta de Producto B',4.5000),
(24,'fb935931-5eac-467e-bcf7-f2c97e49ed9f'::uuid,3,'Venta de Producto C',1.5000),
(25,'4153f86f-4caf-4cd9-9de6-55aea3b63f14'::uuid,1,'Compra de Producto A',7.2000),
(26,'25432fd0-5431-403a-b8a1-28e9da8a205b'::uuid,2,'Compra de Producto B',3.8000),
(27,'642758c3-efc7-40f2-9a36-cba3efbd30d8'::uuid,3,'Compra de Producto C',9.3000),
(28,'ff86801a-8c8e-475a-9170-807c00dfce30'::uuid,1,'Venta de Producto A',4.4000),
(29,'4c415748-cc47-4c88-b225-a3d899eab857'::uuid,2,'Venta de Producto B',6.6000),
(30,'d1c402cb-0f54-4e50-8978-37fa4d034a3d'::uuid,3,'Venta de Producto C',2.2000),
(31,'ba910deb-e3e1-4396-81e0-6dabf36cdee8'::uuid,1,'Compra de Producto A',8.8000),
(32,'fc8d5cbc-e204-4f96-baeb-d5762a2a1783'::uuid,2,'Compra de Producto B',5.5000),
(33,'623b3685-d4f7-44f9-bf96-9ebeba0f8450'::uuid,3,'Compra de Producto C',6.7000);
